control_style,candidate,source,sha256,training_timesteps,episodes,mean_return,std_return,min_return,max_return,mean_episode_steps,mean_max_phase,highest_phase,success_rate,mean_enemies_destroyed,mean_spawners_destroyed,mean_damage_dealt,mean_damage_taken,mean_shots_fired
rotation,canonical_current,models\rotation_agent.zip,d0ed7bae88d6e70489ef297e64b8d937a49eb9e94d041365cd49574a2eb45d5e,303104,30,-25.156549324460194,0.08859448782593742,-25.25616633503582,-24.78678173535014,366.76666666666665,1.0,1,0.0,0.3333333333333333,1.0,60.0,100.0,10.9
rotation,full_run_best,models\rotation\final_best\best_model.zip,d0ed7bae88d6e70489ef297e64b8d937a49eb9e94d041365cd49574a2eb45d5e,303104,30,-25.156549324460194,0.08859448782593742,-25.25616633503582,-24.78678173535014,366.76666666666665,1.0,1,0.0,0.3333333333333333,1.0,60.0,100.0,10.9
rotation,full_run_last,models\rotation\final_final.zip,fad98188b336301afe803d6eec6090bb012ce737db975796b4874432f0ae0db8,303104,30,-38.56537662727172,0.6363844804011883,-39.77745053095786,-36.50453446283743,367.8666666666667,1.0,1,0.0,2.6666666666666665,0.0,68.33333333333333,100.0,27.833333333333332
rotation,tune_baseline,models\tuning\rotation_tune_baseline.zip,d8bc66c151ee19f58d98a49591670f15de3d9d1cd6e9f9066bf8f56cc1282dd6,53248,30,-41.96563895820471,0.02153044356254667,-42.00943895820471,-41.92543895820471,302.4,1.0,1,0.0,0.0,0.0,0.0,100.0,0.0
rotation,tune_exploratory,models\tuning\rotation_tune_exploratory.zip,a05ce5201dd8af83a1d2b2a39ced195e5d112b615d9ad806071208030111df8b,53248,30,-42.929873605819395,0.04041481952104556,-43.01806308346529,-42.857063083465285,301.6,1.0,1,0.0,0.0,0.0,0.0,100.0,36.9
rotation,tune_stable,models\tuning\rotation_tune_stable.zip,b21d5f33e4b9108858994b85c04a509beb925952c5e9351c9e848f73cabd2052,53248,30,-41.20309398148291,0.023410254163507952,-41.244493981482904,-41.1724939814829,249.2,1.0,1,0.0,0.0,0.0,0.0,100.0,0.0
rotation,checkpoint_100000,checkpoints\rotation\final\ppo_rotation_final_100000_steps.zip,53f883552738d071384aff29ea3de3f8384c256ab65c236db541698ae8578509,100000,30,-38.76725923149785,0.4135761817686455,-39.38028430423141,-38.11792093142867,273.8666666666667,1.0,1,0.0,3.466666666666667,0.0,69.33333333333333,100.0,37.96666666666667
rotation,checkpoint_150000,checkpoints\rotation\final\ppo_rotation_final_150000_steps.zip,be073ff63c5a90b3da5b138985f7b2fb5aae49beddfa0c3f153a9c70a4ee8e7c,150000,30,-31.591331953961326,6.856589260760706,-38.0753817460337,-22.18554816109685,398.8333333333333,1.0,1,0.0,2.8333333333333335,0.4,95.33333333333333,100.0,28.633333333333333
rotation,checkpoint_200000,checkpoints\rotation\final\ppo_rotation_final_200000_steps.zip,bab8e8f3382e7a02839fd3fe9bae8496e2e32e00d4b6cba11a52da734bfa6874,200000,30,-38.65289545403597,1.2218271864864054,-40.34643568035044,-35.34603468298627,363.06666666666666,1.0,1,0.0,2.1,0.0,57.0,100.0,19.766666666666666
rotation,checkpoint_250000,checkpoints\rotation\final\ppo_rotation_final_250000_steps.zip,ca4f8faefd71345a6a71460dcf37f66d22e802ef3c915ebc77268a121c169214,250000,30,-39.8148203595225,0.6741965980364691,-41.099389664223565,-37.999055490833065,357.56666666666666,1.0,1,0.0,2.3333333333333335,0.0,50.333333333333336,100.0,23.266666666666666
rotation,checkpoint_300000,checkpoints\rotation\final\ppo_rotation_final_300000_steps.zip,0ba852efccd3af670d9a804717e65c7c6f3788366ee819776460fcbbbb7fd7c7,300000,30,-38.56537662727172,0.6363844804011883,-39.77745053095786,-36.50453446283743,367.8666666666667,1.0,1,0.0,2.6666666666666665,0.0,68.33333333333333,100.0,27.833333333333332
rotation,checkpoint_350000,checkpoints\rotation\final\ppo_rotation_final_350000_steps.zip,cdc5254d423496b8212fc22e9ed3f6bf7970c5759a7d6375030fa1da056c0ce5,350000,30,86.80676116646471,29.228524949841482,44.87040171522605,138.31916772093874,511.9,2.6333333333333333,3,1.0,8.266666666666667,4.033333333333333,482.0,100.0,67.76666666666667
rotation,checkpoint_400000,checkpoints\rotation\final\ppo_rotation_final_400000_steps.zip,6b871aa0fe6521f2a1b8b49997aa5deea570444deccfc3344ac9721e50d64e5e,400000,30,97.74329018470625,26.348623942638373,46.53702719321795,132.8861288728319,466.6666666666667,2.8,3,1.0,7.1,4.4,460.6666666666667,100.0,57.03333333333333
rotation,checkpoint_450000,checkpoints\rotation\final\ppo_rotation_final_450000_steps.zip,ff556a6c87aad8a68a785ce0bbfd71b4e393ad6ad6a2868e40a49046a7adf574,450000,30,101.83913569322455,37.71633839017436,44.33527986747556,203.32009815315539,577.8666666666667,2.8666666666666667,4,1.0,9.3,4.433333333333334,530.3333333333334,100.0,74.83333333333333
rotation,checkpoint_500000,checkpoints\rotation\final\ppo_rotation_final_500000_steps.zip,7116015e48001aa667f310b83eb86467ee8afdb0247ed18ee16741e3bd5ac360,500000,30,79.53460497692703,37.92149225687682,-17.431153994036436,133.2655313585569,405.46666666666664,2.566666666666667,3,0.9666666666666667,5.7,3.7666666666666666,384.3333333333333,100.0,44.96666666666667
rotation,checkpoint_50000,checkpoints\rotation\final\ppo_rotation_final_50000_steps.zip,6845d6c66a78bf88b1586e511db9d5c812e61901d81b1bfb98dc2de858e66470,50000,30,-25.156549324460194,0.08859448782593742,-25.25616633503582,-24.78678173535014,366.76666666666665,1.0,1,0.0,0.3333333333333333,1.0,60.0,100.0,10.9
rotation,checkpoint_550000,checkpoints\rotation\final\ppo_rotation_final_550000_steps.zip,66dbbaec24be29a8f4d828ecb3262fbbabace825eebd6709ae78aaeb1d576d1b,550000,30,97.08914565933289,26.014841010933935,28.77255187112677,133.60946260339668,434.8333333333333,2.8333333333333335,3,1.0,6.266666666666667,4.333333333333333,428.3333333333333,100.0,52.5
rotation,checkpoint_600000,checkpoints\rotation\final\ppo_rotation_final_600000_steps.zip,eb8bcd51511aa8afc375504a51e2c4159a75f77540e9b90ab6082a173b346f93,600000,30,110.18728934448737,14.548452014905978,44.361994347042945,141.20447231823388,479.76666666666665,2.966666666666667,3,1.0,7.3,4.833333333333333,486.6666666666667,100.0,59.266666666666666
direct,canonical_current,models\direct_agent.zip,78633aa06854ed59f35a13cee5a820b48a732f645c8b04ea6fd1e950a55ceea7,303104,30,-34.94308011899711,8.001498279890331,-41.219874130030085,-22.182733860673395,245.06666666666666,1.0,1,0.0,0.9666666666666667,0.3333333333333333,39.666666666666664,100.0,31.4
direct,full_run_best,models\direct\final_best\best_model.zip,78633aa06854ed59f35a13cee5a820b48a732f645c8b04ea6fd1e950a55ceea7,303104,30,-34.94308011899711,8.001498279890331,-41.219874130030085,-22.182733860673395,245.06666666666666,1.0,1,0.0,0.9666666666666667,0.3333333333333333,39.666666666666664,100.0,31.4
direct,full_run_last,models\direct\final_final.zip,243f89fb69a9ee5cdb713e9214b2ac8df79aed1294c422c487cebc3c43d151c8,303104,30,-37.022012427727944,6.257647096759935,-41.04624299632815,-22.512396621406076,280.0,1.0,1,0.0,1.3666666666666667,0.16666666666666666,48.333333333333336,100.0,27.033333333333335
direct,tune_baseline,models\tuning\direct_tune_baseline.zip,8951d61f416795c2bcd0754f1c50a91b1df8dd954bb9862c4b3639faa282cbbb,53248,30,-41.7367554842903,0.036347552648740504,-41.793690193306944,-41.585648922807906,325.23333333333335,1.0,1,0.0,0.0,0.0,0.0,100.0,0.0
direct,tune_exploratory,models\tuning\direct_tune_exploratory.zip,20fa18b6f5060642bb358dd9ed72d7a45fc14cbb564e3c6fad3d0eb8661a7763,53248,30,-43.02696714769785,0.032483670167081834,-43.090911905258885,-42.95642547990268,443.53333333333336,1.0,1,0.0,0.0,0.0,0.0,100.0,0.0
direct,tune_stable,models\tuning\direct_tune_stable.zip,1ae3692b9a3d2521aba2039c17cdc4f442f8185c2b93d87a584e89b95b0c4f93,53248,30,-41.66555520655238,0.02341025416350618,-41.70695520655238,-41.63495520655238,249.2,1.0,1,0.0,0.0,0.0,0.0,100.0,0.0
direct,checkpoint_100000,checkpoints\direct\final\ppo_direct_final_100000_steps.zip,98edaaea1d9bbef50bdb082f19696be38392dcb1a6cdb779d61ec3e18536dc13,100000,30,-40.48434392731671,0.6772161554290469,-41.385344541265425,-38.237270575626546,235.4,1.0,1,0.0,1.2666666666666666,0.0,27.333333333333332,100.0,31.166666666666668
direct,checkpoint_150000,checkpoints\direct\final\ppo_direct_final_150000_steps.zip,cbf34775ac4ddfc279c7fa31fd28f86f9f3fc327ad676c35e18a8f9931da3e23,150000,30,-38.789608501208804,5.261316875332621,-41.221065862953665,-23.12375865546515,212.8,1.0,1,0.0,0.7,0.1,23.0,100.0,25.733333333333334
direct,checkpoint_200000,checkpoints\direct\final\ppo_direct_final_200000_steps.zip,fe28e1404ed93432c480b18b2bbfcdd3223b17b5c141b25b6c033c3c823c9d67,200000,30,-40.31914315866095,0.623385841121427,-41.02723432686238,-38.21299368031209,237.33333333333334,1.0,1,0.0,1.4333333333333333,0.0,31.333333333333332,100.0,27.933333333333334
direct,checkpoint_250000,checkpoints\direct\final\ppo_direct_final_250000_steps.zip,458f0eb8ab2b41730fea9261e44984fad448b3116fc2f5537a4a1aa8f6e05ebb,250000,30,-34.94308011899711,8.001498279890331,-41.219874130030085,-22.182733860673395,245.06666666666666,1.0,1,0.0,0.9666666666666667,0.3333333333333333,39.666666666666664,100.0,31.4
direct,checkpoint_300000,checkpoints\direct\final\ppo_direct_final_300000_steps.zip,b2ea351e4312f68cd2b01a907ab39c221bdc854f6d85cec0cf2bbdfd0f9d026d,300000,30,-37.022012427727944,6.257647096759935,-41.04624299632815,-22.512396621406076,280.0,1.0,1,0.0,1.3666666666666667,0.16666666666666666,48.333333333333336,100.0,27.033333333333335
direct,checkpoint_350000,checkpoints\direct\final\ppo_direct_final_350000_steps.zip,cbaac7516ce141567ed9f9fbcad615539cf5b46741dfb71a75e620625220e4b4,350000,30,-35.444713211418396,4.137010412288118,-39.69927551550554,-24.426464997654683,571.5,1.0,1,0.0,10.066666666666666,0.0,216.66666666666666,100.0,77.63333333333334
direct,checkpoint_400000,checkpoints\direct\final\ppo_direct_final_400000_steps.zip,a49e75cab5d435d4e8e9f833f7cf0eebb3da3a5f1033a911c21141cd33165bb2,400000,30,-30.87754865306199,3.8573235509333017,-38.78313614709346,-23.232575817968574,831.8666666666667,1.0,1,0.0,17.9,0.0,379.3333333333333,100.0,111.13333333333334
direct,checkpoint_450000,checkpoints\direct\final\ppo_direct_final_450000_steps.zip,daf736b8f756073d8ab4076dd2f84a401af43dd83ae9afe1a93325ce6ddb5811,450000,30,-25.61119774424658,15.680715238710068,-37.97778790421622,43.474819485386334,1185.1666666666667,1.0,1,0.0,25.666666666666668,0.03333333333333333,530.6666666666666,97.33333333333333,163.23333333333332
direct,checkpoint_500000,checkpoints\direct\final\ppo_direct_final_500000_steps.zip,d46fe33c38127cde0a8acc8e289494e6e8db3a34c4d47840b92d1456e297e5a2,500000,30,22.49387232159699,32.35427344878287,-16.28442793934874,107.48041392547798,2209.5,1.4666666666666666,3,0.4,46.833333333333336,1.1,1041.6666666666667,97.0,273.73333333333335
direct,checkpoint_50000,checkpoints\direct\final\ppo_direct_final_50000_steps.zip,901ed8e92c1b45bbbfb19792f64831d7c5ab21297504a784e8a2ca1dc27300dc,50000,30,-41.89088855749201,0.15824831401594303,-42.26395522415867,-41.75495522415868,249.2,1.0,1,0.0,0.0,0.0,0.0,100.0,11.266666666666667
direct,checkpoint_550000,checkpoints\direct\final\ppo_direct_final_550000_steps.zip,138d78e1c6cb2d36639892f56935e65f113a8a1e7d4a77ebd893ac68971d9cc4,550000,30,31.29859007782593,31.221183670623322,-28.71513065029839,109.09802080157979,1424.9333333333334,1.8,3,0.7333333333333333,25.733333333333334,1.8333333333333333,660.3333333333334,97.66666666666667,167.53333333333333
direct,checkpoint_600000,checkpoints\direct\final\ppo_direct_final_600000_steps.zip,01b54fcad054100d8acd4236eb25879a2c5b3ba000516dbc21458cbcf69aa279,600000,30,14.241339822778517,29.403318475502942,-24.078315024502167,102.92995496081159,1418.5,1.5333333333333334,3,0.5,31.5,1.1333333333333333,741.6666666666666,98.66666666666667,186.8
